{
  "token": "6475a6c35b7fd07fe832782fb341a83b",
  "note": null,
  "attributes": {},
  "original_total_price": 58000,
  "total_price": 58000,
  "total_discount": 0,
  "total_weight": 0,
  "item_count": 1,
  "items": [
    {
      "id": 38558517710,
      "properties": null,
      "quantity": 1,
      "variant_id": 38558517710,
      "key": "123456:123456",
      "title": "Ratio Eight - Nickel / 110 Volts",
      "price": 58000,
      "original_price": 58000,
      "discounted_price": 58000,
      "line_price": 58000,
      "original_line_price": 58000,
      "total_discount": 0,
      "discounts": [],
      "sku": "",
      "grams": 0,
      "vendor": "Ratio",
      "taxable": true,
      "product_id": 10270178382,
      "gift_card": false,
      "url": "/products/ratio-eight?variant=38558517710",
      "image": "https://cdn.shopify.com/s/files/1/1906/1399/products/InSitu-5_8fd16703-2540-4b02-bc89-b950053d533f.png?v=1492799854",
      "handle": "ratio-eight",
      "requires_shipping": true,
      "product_type": "",
      "product_title": "Ratio Eight",
      "product_description": "\nThis is a demonstration store. You can purchase products like this from the real Ratio online store.\nTechnically speaking.\nModel: Eight Warranty: 10 years Capacity: Brews up to 40oz (eight 5oz cups) Dimensions: 13.5\" deep x 9\" wide x 14\" tall\nRatio Eight changes everything with precision brewing technique, top-quality construction, and a design that will elevate any environment for years to come. Each machine is hand assembled and tested in Portland, Oregon. That Eight has a powerful 1600 watt heating element in 110 (US &amp; Canada) or 220 volt. Eight's carafe holds Chemex paper filters or Able Kone stainless steel filter.\nExpected to ship: 2-3 weeksFree shipping | 10 years warranty",
      "variant_title": "Nickel / 110 Volts",
      "variant_options": ["Nickel", "110 Volts"]
    }
  ],
  "requires_shipping": true,
  "currency": "CAD"
}
