{
  "resources": {
    "results": {
      "products": [
        {
          "title": "The Following",
          "body": "<p>The Following</p>",
          "handle": "following",
          "image": "https://cdn.shopify.com/...",
          "url": "/products/following?variant_id=1",
          "price": "3099",
          "variants": [
            {
              "title": "Large / Angry Dolphin",
              "url": "https://www.evil-bikes.com/products/following",
              "image": "https://cdn.shopify.com/...",
              "price": "3099",
              "compare_at_price": "4099"
            }
          ]
        }
      ]
    }
  }
}
